0.0035987,0.53
0,0.52333
0.0035987,0.53
0,0.52333
0.1,0.5233
0.096389,0.53
0.1,0.5233
0.096389,0.53
0.005,0.53216
0.005,0.53216
0.01,0.53833
0.01,0.53833
0.014388,0.54
0.014388,0.54
0.09,0.53832
0.085601,0.54
0.09,0.53832
0.085601,0.54
0.095,0.53215
0.095,0.53215
0.015,0.54024
0.015,0.54024
0.02,0.5415
0.02,0.5415
0.025,0.54237
0.025,0.54237
0.03,0.54297
0.03,0.54297
0.035,0.54338
0.035,0.54338
0.04,0.54363
0.04,0.54363
0.045,0.54377
0.045,0.54377
0.05,0.5438
0.05,0.5438
0.055,0.54376
0.055,0.54376
0.06,0.54363
0.06,0.54363
0.065,0.54337
0.065,0.54337
0.07,0.54296
0.07,0.54296
0.075,0.54237
0.075,0.54237
0.08,0.5415
0.08,0.5415
0.085,0.54024
0.085,0.54024
0.00022924,0.66
0,0.65749
0.00022924,0.66
0,0.65749
0.1,0.65707
0.099729,0.66
0.1,0.65707
0.099729,0.66
0.0021145,0.67
0.0021145,0.67
0.097857,0.67
0.097857,0.67
0.005,0.67645
0.005,0.67645
0.0067957,0.68
0.0067957,0.68
0.095,0.67642
0.093197,0.68
0.095,0.67642
0.093197,0.68
0.01,0.68344
0.01,0.68344
0.015,0.68483
0.015,0.68483
0.02,0.68583
0.02,0.68583
0.025,0.68656
0.025,0.68656
0.03,0.68707
0.03,0.68707
0.035,0.68742
0.035,0.68742
0.04,0.68765
0.04,0.68765
0.045,0.68777
0.045,0.68777
0.05,0.68781
0.05,0.68781
0.055,0.68777
0.055,0.68777
0.06,0.68765
0.06,0.68765
0.065,0.68742
0.065,0.68742
0.07,0.68707
0.07,0.68707
0.075,0.68656
0.075,0.68656
0.08,0.68583
0.08,0.68583
0.085,0.68483
0.085,0.68483
0.09,0.68344
0.09,0.68344
0.0017047,0.54
0,0.53464
0.0017047,0.54
0,0.53464
0.1,0.53459
0.098278,0.54
0.1,0.53459
0.098278,0.54
0.005,0.54741
0.005,0.54741
0.0062004,0.55
0.0062004,0.55
0.095,0.54739
0.093792,0.55
0.095,0.54739
0.093792,0.55
0.01,0.55428
0.01,0.55428
0.015,0.55567
0.015,0.55567
0.02,0.55674
0.02,0.55674
0.025,0.55756
0.025,0.55756
0.03,0.55812
0.03,0.55812
0.035,0.55853
0.035,0.55853
0.04,0.55879
0.04,0.55879
0.045,0.55892
0.045,0.55892
0.05,0.55896
0.05,0.55896
0.055,0.55892
0.055,0.55892
0.06,0.55879
0.06,0.55879
0.065,0.55852
0.065,0.55852
0.07,0.55812
0.07,0.55812
0.075,0.55756
0.075,0.55756
0.08,0.55674
0.08,0.55674
0.085,0.55567
0.085,0.55567
0.09,0.55428
0.09,0.55428
0.00061781,0.74
0,0.7345
0.00061781,0.74
0,0.7345
0.1,0.73415
0.099337,0.74
0.1,0.73415
0.099337,0.74
0.0028837,0.75
0.0028837,0.75
0.097089,0.75
0.097089,0.75
0.005,0.754
0.005,0.754
0.009194,0.76
0.009194,0.76
0.095,0.75397
0.090805,0.76
0.095,0.75397
0.090805,0.76
0.01,0.7608
0.01,0.7608
0.015,0.76239
0.015,0.76239
0.02,0.76337
0.02,0.76337
0.025,0.76406
0.025,0.76406
0.03,0.76455
0.03,0.76455
0.035,0.76491
0.035,0.76491
0.04,0.76514
0.04,0.76514
0.045,0.76526
0.045,0.76526
0.05,0.76529
0.05,0.76529
0.055,0.76526
0.055,0.76526
0.06,0.76514
0.06,0.76514
0.065,0.76491
0.065,0.76491
0.07,0.76455
0.07,0.76455
0.075,0.76406
0.075,0.76406
0.08,0.76337
0.08,0.76337
0.085,0.76239
0.085,0.76239
0.09,0.7608
0.09,0.7608
0.0010768,0.66
0,0.65213
0.0010768,0.66
0,0.65213
0.1,0.65187
0.098887,0.66
0.1,0.65187
0.098887,0.66
0.0039043,0.67
0.0039043,0.67
0.096077,0.67
0.096077,0.67
0.005,0.67182
0.005,0.67182
0.01,0.67798
0.01,0.67798
0.015,0.67965
0.015,0.67965
0.016441,0.68
0.016441,0.68
0.085,0.67965
0.083569,0.68
0.085,0.67965
0.083569,0.68
0.09,0.67798
0.09,0.67798
0.095,0.6718
0.095,0.6718
0.02,0.68084
0.02,0.68084
0.025,0.68162
0.025,0.68162
0.03,0.68213
0.03,0.68213
0.035,0.68249
0.035,0.68249
0.04,0.68271
0.04,0.68271
0.045,0.68283
0.045,0.68283
0.05,0.68286
0.05,0.68286
0.055,0.68283
0.055,0.68283
0.06,0.68271
0.06,0.68271
0.065,0.68249
0.065,0.68249
0.07,0.68214
0.07,0.68214
0.075,0.68162
0.075,0.68162
0.08,0.68084
0.08,0.68084
0.00037344,0.63
0,0.62615
0.00037344,0.63
0,0.62615
0.1,0.6258
0.099587,0.63
0.1,0.6258
0.099587,0.63
0.0023762,0.64
0.0023762,0.64
0.097597,0.64
0.097597,0.64
0.005,0.64549
0.005,0.64549
0.0075814,0.65
0.0075814,0.65
0.095,0.64546
0.092414,0.65
0.095,0.64546
0.092414,0.65
0.01,0.65252
0.01,0.65252
0.015,0.65393
0.015,0.65393
0.02,0.65491
0.02,0.65491
0.025,0.65564
0.025,0.65564
0.03,0.65614
0.03,0.65614
0.035,0.65649
0.035,0.65649
0.04,0.65672
0.04,0.65672
0.045,0.65684
0.045,0.65684
0.05,0.65687
0.05,0.65687
0.055,0.65684
0.055,0.65684
0.06,0.65672
0.06,0.65672
0.065,0.65649
0.065,0.65649
0.07,0.65614
0.07,0.65614
0.075,0.65564
0.075,0.65564
0.08,0.65491
0.08,0.65491
0.085,0.65394
0.085,0.65394
0.09,0.65252
0.09,0.65252
0.00048557,0.61
0,0.60521
0.00048557,0.61
0,0.60521
0.1,0.60491
0.099478,0.61
0.1,0.60491
0.099478,0.61
0.0025682,0.62
0.0025682,0.62
0.097408,0.62
0.097408,0.62
0.005,0.62488
0.005,0.62488
0.0081647,0.63
0.0081647,0.63
0.095,0.62486
0.091832,0.63
0.095,0.62486
0.091832,0.63
0.01,0.63188
0.01,0.63188
0.015,0.63334
0.015,0.63334
0.02,0.63431
0.02,0.63431
0.025,0.63502
0.025,0.63502
0.03,0.63553
0.03,0.63553
0.035,0.63588
0.035,0.63588
0.04,0.63611
0.04,0.63611
0.045,0.63622
0.045,0.63622
0.05,0.63626
0.05,0.63626
0.055,0.63622
0.055,0.63622
0.06,0.63611
0.06,0.63611
0.065,0.63588
0.065,0.63588
0.07,0.63553
0.07,0.63553
0.075,0.63502
0.075,0.63502
0.08,0.63431
0.08,0.63431
0.085,0.63335
0.085,0.63335
0.09,0.63188
0.09,0.63188
0.00089955,0.69
0,0.68295
0.00089955,0.69
0,0.68295
0.1,0.68266
0.099061,0.69
0.1,0.68266
0.099061,0.69
0.0034849,0.7
0.0034849,0.7
0.096493,0.7
0.096493,0.7
0.005,0.70264
0.005,0.70264
0.01,0.70898
0.01,0.70898
0.012884,0.71
0.012884,0.71
0.09,0.70898
0.08712,0.71
0.09,0.70898
0.08712,0.71
0.095,0.70261
0.095,0.70261
0.015,0.71075
0.015,0.71075
0.02,0.71183
0.02,0.71183
0.025,0.71257
0.025,0.71257
0.03,0.71305
0.03,0.71305
0.035,0.71339
0.035,0.71339
0.04,0.71361
0.04,0.71361
0.045,0.71372
0.045,0.71372
0.05,0.71375
0.05,0.71375
0.055,0.71372
0.055,0.71372
0.06,0.71361
0.06,0.71361
0.065,0.71339
0.065,0.71339
0.07,0.71305
0.07,0.71305
0.075,0.71257
0.075,0.71257
0.08,0.71184
0.08,0.71184
0.085,0.71075
0.085,0.71075
0.001801,0.55
0,0.54245
0.001801,0.55
0,0.54245
0.1,0.54238
0.098181,0.55
0.1,0.54238
0.098181,0.55
0.005,0.5578
0.005,0.5578
0.0059543,0.56
0.0059543,0.56
0.095,0.55777
0.094038,0.56
0.095,0.55777
0.094038,0.56
0.01,0.56459
0.01,0.56459
0.015,0.56598
0.015,0.56598
0.02,0.56706
0.02,0.56706
0.025,0.56787
0.025,0.56787
0.03,0.56843
0.03,0.56843
0.035,0.56883
0.035,0.56883
0.04,0.5691
0.04,0.5691
0.045,0.56923
0.045,0.56923
0.05,0.56927
0.05,0.56927
0.055,0.56923
0.055,0.56923
0.06,0.5691
0.06,0.5691
0.065,0.56883
0.065,0.56883
0.07,0.56843
0.07,0.56843
0.075,0.56787
0.075,0.56787
0.08,0.56706
0.08,0.56706
0.085,0.56598
0.085,0.56598
0.09,0.56459
0.09,0.56459
0.00067822,0.58
0,0.57416
0.00067822,0.58
0,0.57416
0.1,0.57395
0.099292,0.58
0.1,0.57395
0.099292,0.58
0.0029036,0.59
0.0029036,0.59
0.097077,0.59
0.097077,0.59
0.005,0.59399
0.005,0.59399
0.0091787,0.6
0.0091787,0.6
0.095,0.59396
0.090819,0.6
0.095,0.59396
0.090819,0.6
0.01,0.60082
0.01,0.60082
0.015,0.60242
0.015,0.60242
0.02,0.60341
0.02,0.60341
0.025,0.60411
0.025,0.60411
0.03,0.60461
0.03,0.60461
0.035,0.60497
0.035,0.60497
0.04,0.6052
0.04,0.6052
0.045,0.60532
0.045,0.60532
0.05,0.60536
0.05,0.60536
0.055,0.60532
0.055,0.60532
0.06,0.6052
0.06,0.6052
0.065,0.60497
0.065,0.60497
0.07,0.60461
0.07,0.60461
0.075,0.60411
0.075,0.60411
0.08,0.60341
0.08,0.60341
0.085,0.60242
0.085,0.60242
0.09,0.60082
0.09,0.60082
1.9223e-05,0.71
0,0.70976
1.9223e-05,0.71
0,0.70976
0.1,0.70923
0.099937,0.71
0.1,0.70923
0.099937,0.71
0.0017224,0.72
0.0017224,0.72
0.098244,0.72
0.098244,0.72
0.005,0.72832
0.005,0.72832
0.0056889,0.73
0.0056889,0.73
0.095,0.72829
0.094299,0.73
0.095,0.72829
0.094299,0.73
0.01,0.73493
0.01,0.73493
0.015,0.73634
0.015,0.73634
0.02,0.73737
0.02,0.73737
0.025,0.73812
0.025,0.73812
0.03,0.73866
0.03,0.73866
0.035,0.73904
0.035,0.73904
0.04,0.7393
0.04,0.7393
0.045,0.73943
0.045,0.73943
0.05,0.73947
0.05,0.73947
0.055,0.73943
0.055,0.73943
0.06,0.7393
0.06,0.7393
0.065,0.73904
0.065,0.73904
0.07,0.73866
0.07,0.73866
0.075,0.73812
0.075,0.73812
0.08,0.73737
0.08,0.73737
0.085,0.73634
0.085,0.73634
0.09,0.73494
0.09,0.73494
0.0012537,0.63
0,0.62132
0.0012537,0.63
0,0.62132
0.1,0.6211
0.098712,0.63
0.1,0.6211
0.098712,0.63
0.0043761,0.64
0.0043761,0.64
0.095606,0.64
0.095606,0.64
0.005,0.64099
0.005,0.64099
0.01,0.64705
0.01,0.64705
0.015,0.6486
0.015,0.6486
0.02,0.64975
0.02,0.64975
0.021427,0.65
0.021427,0.65
0.08,0.64975
0.078575,0.65
0.08,0.64975
0.078575,0.65
0.085,0.64861
0.085,0.64861
0.09,0.64705
0.09,0.64705
0.095,0.64097
0.095,0.64097
0.025,0.65061
0.025,0.65061
0.03,0.65117
0.03,0.65117
0.035,0.65154
0.035,0.65154
0.04,0.65178
0.04,0.65178
0.045,0.6519
0.045,0.6519
0.05,0.65193
0.05,0.65193
0.055,0.6519
0.055,0.6519
0.06,0.65178
0.06,0.65178
0.065,0.65154
0.065,0.65154
0.07,0.65117
0.07,0.65117
0.075,0.65061
0.075,0.65061
0.0004092,0.78
0,0.77598
0.0004092,0.78
0,0.77598
0.1,0.77555
0.099542,0.78
0.1,0.77555
0.099542,0.78
0.002476,0.79
0.002476,0.79
0.097493,0.79
0.097493,0.79
0.005,0.79514
0.005,0.79514
0.0079125,0.8
0.0079125,0.8
0.095,0.79511
0.092083,0.8
0.095,0.79511
0.092083,0.8
0.01,0.80215
0.01,0.80215
0.015,0.80359
0.015,0.80359
0.02,0.80456
0.02,0.80456
0.025,0.80529
0.025,0.80529
0.03,0.80579
0.03,0.80579
0.035,0.80614
0.035,0.80614
0.04,0.80637
0.04,0.80637
0.045,0.80648
0.045,0.80648
0.05,0.80652
0.05,0.80652
0.055,0.80648
0.055,0.80648
0.06,0.80636
0.06,0.80636
0.065,0.80614
0.065,0.80614
0.07,0.80579
0.07,0.80579
0.075,0.80529
0.075,0.80529
0.08,0.80456
0.08,0.80456
0.085,0.80359
0.085,0.80359
0.09,0.80215
0.09,0.80215
0.005,0.51684
0.005,0.51684
0,0.51271
0,0.51271
0.0076146,0.52
0.0076146,0.52
0.095,0.51683
0.09238,0.52
0.095,0.51683
0.09238,0.52
0.1,0.5127
0.1,0.5127
0.01,0.52247
0.01,0.52247
0.015,0.52444
0.015,0.52444
0.02,0.52574
0.02,0.52574
0.025,0.52676
0.025,0.52676
0.03,0.52752
0.03,0.52752
0.035,0.52807
0.035,0.52807
0.04,0.52844
0.04,0.52844
0.045,0.52864
0.045,0.52864
0.05,0.5287
0.05,0.5287
0.055,0.52864
0.055,0.52864
0.06,0.52844
0.06,0.52844
0.065,0.52806
0.065,0.52806
0.07,0.52751
0.07,0.52751
0.075,0.52675
0.075,0.52675
0.08,0.52573
0.08,0.52573
0.085,0.52444
0.085,0.52444
0.09,0.52246
0.09,0.52246
0.00040773,0.54
0,0.5386
0.00040773,0.54
0,0.5386
0.1,0.53853
0.099571,0.54
0.1,0.53853
0.099571,0.54
0.0034256,0.55
0.0034256,0.55
0.09656,0.55
0.09656,0.55
0.005,0.55281
0.005,0.55281
0.01,0.55927
0.01,0.55927
0.012033,0.56
0.012033,0.56
0.09,0.55927
0.087962,0.56
0.09,0.55927
0.087962,0.56
0.095,0.55279
0.095,0.55279
0.015,0.56103
0.015,0.56103
0.02,0.56215
0.02,0.56215
0.025,0.56293
0.025,0.56293
0.03,0.56345
0.03,0.56345
0.035,0.5638
0.035,0.5638
0.04,0.56403
0.04,0.56403
0.045,0.56416
0.045,0.56416
0.05,0.56419
0.05,0.56419
0.055,0.56416
0.055,0.56416
0.06,0.56403
0.06,0.56403
0.065,0.5638
0.065,0.5638
0.07,0.56345
0.07,0.56345
0.075,0.56293
0.075,0.56293
0.08,0.56215
0.08,0.56215
0.085,0.56103
0.085,0.56103
0.001541,0.59
0,0.58019
0.001541,0.59
0,0.58019
0.1,0.58002
0.098432,0.59
0.1,0.58002
0.098432,0.59
0.005,0.59965
0.005,0.59965
0.0051237,0.6
0.0051237,0.6
0.095,0.59962
0.094864,0.6
0.095,0.59962
0.094864,0.6
0.01,0.60584
0.01,0.60584
0.015,0.60731
0.015,0.60731
0.02,0.60837
0.02,0.60837
0.025,0.60917
0.025,0.60917
0.03,0.60975
0.03,0.60975
0.032898,0.61
0.032898,0.61
0.07,0.60975
0.067096,0.61
0.07,0.60975
0.067096,0.61
0.075,0.60917
0.075,0.60917
0.08,0.60837
0.08,0.60837
0.085,0.60731
0.085,0.60731
0.09,0.60584
0.09,0.60584
0.035,0.61018
0.035,0.61018
0.04,0.61045
0.04,0.61045
0.045,0.61058
0.045,0.61058
0.05,0.61062
0.05,0.61062
0.055,0.61058
0.055,0.61058
0.06,0.61045
0.06,0.61045
0.065,0.61018
0.065,0.61018
0.00051362,0.76
0,0.75521
0.00051362,0.76
0,0.75521
0.1,0.75482
0.09944,0.76
0.1,0.75482
0.09944,0.76
0.0026758,0.77
0.0026758,0.77
0.097296,0.77
0.097296,0.77
0.005,0.77456
0.005,0.77456
0.0085253,0.78
0.0085253,0.78
0.095,0.77453
0.091473,0.78
0.095,0.77453
0.091473,0.78
0.01,0.78149
0.01,0.78149
0.015,0.783
0.015,0.783
0.02,0.78396
0.02,0.78396
0.025,0.78467
0.025,0.78467
0.03,0.78517
0.03,0.78517
0.035,0.78553
0.035,0.78553
0.04,0.78576
0.04,0.78576
0.045,0.78587
0.045,0.78587
0.05,0.78591
0.05,0.78591
0.055,0.78587
0.055,0.78587
0.06,0.78575
0.06,0.78575
0.065,0.78553
0.065,0.78553
0.07,0.78517
0.07,0.78517
0.075,0.78467
0.075,0.78467
0.08,0.78396
0.08,0.78396
0.085,0.783
0.085,0.783
0.09,0.78149
0.09,0.78149
0.0011931,0.64
0,0.6316
0.0011931,0.64
0,0.6316
0.1,0.63137
0.098772,0.64
0.1,0.63137
0.098772,0.64
0.0042109,0.65
0.0042109,0.65
0.095771,0.65
0.095771,0.65
0.005,0.65128
0.005,0.65128
0.01,0.65735
0.01,0.65735
0.015,0.65894
0.015,0.65894
0.019496,0.66
0.019496,0.66
0.085,0.65895
0.080507,0.66
0.085,0.65895
0.080507,0.66
0.09,0.65736
0.09,0.65736
0.095,0.65125
0.095,0.65125
0.02,0.66012
0.02,0.66012
0.025,0.66096
0.025,0.66096
0.03,0.6615
0.03,0.6615
0.035,0.66186
0.035,0.66186
0.04,0.66209
0.04,0.66209
0.045,0.66221
0.045,0.66221
0.05,0.66225
0.05,0.66225
0.055,0.66221
0.055,0.66221
0.06,0.66209
0.06,0.66209
0.065,0.66186
0.065,0.66186
0.07,0.6615
0.07,0.6615
0.075,0.66096
0.075,0.66096
0.08,0.66012
0.08,0.66012
0.0013196,0.62
0,0.61103
0.0013196,0.62
0,0.61103
0.1,0.61082
0.098648,0.62
0.1,0.61082
0.098648,0.62
0.0045496,0.63
0.0045496,0.63
0.095434,0.63
0.095434,0.63
0.005,0.63071
0.005,0.63071
0.01,0.63675
0.01,0.63675
0.015,0.63827
0.015,0.63827
0.02,0.63939
0.02,0.63939
0.02355,0.64
0.02355,0.64
0.08,0.63939
0.076451,0.64
0.08,0.63939
0.076451,0.64
0.085,0.63828
0.085,0.63828
0.09,0.63675
0.09,0.63675
0.095,0.63068
0.095,0.63068
0.025,0.64025
0.025,0.64025
0.03,0.64083
0.03,0.64083
0.035,0.64121
0.035,0.64121
0.04,0.64145
0.04,0.64145
0.045,0.64158
0.045,0.64158
0.05,0.64161
0.05,0.64161
0.055,0.64158
0.055,0.64158
0.06,0.64145
0.06,0.64145
0.065,0.64121
0.065,0.64121
0.07,0.64083
0.07,0.64083
0.075,0.64025
0.075,0.64025
0.005,0.50279
0.005,0.50279
0,0.5021
0,0.5021
0.01,0.50393
0.01,0.50393
0.015,0.50466
0.015,0.50466
0.02,0.50516
0.02,0.50516
0.025,0.5055
0.025,0.5055
0.03,0.50572
0.03,0.50572
0.035,0.50587
0.035,0.50587
0.04,0.50596
0.04,0.50596
0.045,0.506
0.045,0.506
0.05,0.50602
0.05,0.50602
0.055,0.506
0.055,0.506
0.06,0.50596
0.06,0.50596
0.065,0.50587
0.065,0.50587
0.07,0.50572
0.07,0.50572
0.075,0.5055
0.075,0.5055
0.08,0.50516
0.08,0.50516
0.085,0.50466
0.085,0.50466
0.09,0.50393
0.09,0.50393
0.095,0.5028
0.095,0.5028
0.1,0.50211
0.1,0.50211
0.0013793,0.77
0,0.76099
0.0013793,0.77
0,0.76099
0.1,0.76073
0.098582,0.77
0.1,0.76073
0.098582,0.77
0.0047581,0.78
0.0047581,0.78
0.095224,0.78
0.095224,0.78
0.005,0.78037
0.005,0.78037
0.01,0.78641
0.01,0.78641
0.015,0.7879
0.015,0.7879
0.02,0.78899
0.02,0.78899
0.025,0.78983
0.025,0.78983
0.026429,0.79
0.026429,0.79
0.075,0.78983
0.073575,0.79
0.075,0.78983
0.073575,0.79
0.08,0.78899
0.08,0.78899
0.085,0.7879
0.085,0.7879
0.09,0.78641
0.09,0.78641
0.095,0.78035
0.095,0.78035
0.03,0.79042
0.03,0.79042
0.035,0.79082
0.035,0.79082
0.04,0.79107
0.04,0.79107
0.045,0.7912
0.045,0.7912
0.05,0.79124
0.05,0.79124
0.055,0.7912
0.055,0.7912
0.06,0.79107
0.06,0.79107
0.065,0.79082
0.065,0.79082
0.07,0.79042
0.07,0.79042
0.00078648,0.71
0,0.70352
0.00078648,0.71
0,0.70352
0.1,0.70321
0.099173,0.71
0.1,0.70321
0.099173,0.71
0.0032315,0.72
0.0032315,0.72
0.096745,0.72
0.096745,0.72
0.005,0.72318
0.005,0.72318
0.01,0.72969
0.01,0.72969
0.010841,0.73
0.010841,0.73
0.09,0.72969
0.089163,0.73
0.09,0.72969
0.089163,0.73
0.095,0.72315
0.095,0.72315
0.015,0.73143
0.015,0.73143
0.02,0.73246
0.02,0.73246
0.025,0.73317
0.025,0.73317
0.03,0.73365
0.03,0.73365
0.035,0.73398
0.035,0.73398
0.04,0.7342
0.04,0.7342
0.045,0.73432
0.045,0.73432
0.05,0.73436
0.05,0.73436
0.055,0.73432
0.055,0.73432
0.06,0.7342
0.06,0.7342
0.065,0.73398
0.065,0.73398
0.07,0.73365
0.07,0.73365
0.075,0.73317
0.075,0.73317
0.08,0.73246
0.08,0.73246
0.085,0.73143
0.085,0.73143
0.00014157,0.68
0,0.67837
0.00014157,0.68
0,0.67837
0.1,0.67791
0.099815,0.68
0.1,0.67791
0.099815,0.68
0.0019504,0.69
0.0019504,0.69
0.098019,0.69
0.098019,0.69
0.005,0.69716
0.005,0.69716
0.0063246,0.7
0.0063246,0.7
0.095,0.69713
0.093666,0.7
0.095,0.69713
0.093666,0.7
0.01,0.70404
0.01,0.70404
0.015,0.70543
0.015,0.70543
0.02,0.70644
0.02,0.70644
0.025,0.70718
0.025,0.70718
0.03,0.70769
0.03,0.70769
0.035,0.70805
0.035,0.70805
0.04,0.70829
0.04,0.70829
0.045,0.70841
0.045,0.70841
0.05,0.70845
0.05,0.70845
0.055,0.70841
0.055,0.70841
0.06,0.70829
0.06,0.70829
0.065,0.70805
0.065,0.70805
0.07,0.70769
0.07,0.70769
0.075,0.70718
0.075,0.70718
0.08,0.70644
0.08,0.70644
0.085,0.70543
0.085,0.70543
0.09,0.70404
0.09,0.70404
0.0014624,0.6
0,0.59044
0.0014624,0.6
0,0.59044
0.1,0.59026
0.098509,0.6
0.1,0.59026
0.098509,0.6
0.0049337,0.61
0.0049337,0.61
0.095051,0.61
0.095051,0.61
0.005,0.6101
0.005,0.6101
0.01,0.61615
0.01,0.61615
0.015,0.61763
0.015,0.61763
0.02,0.6187
0.02,0.6187
0.025,0.61952
0.025,0.61952
0.029026,0.62
0.029026,0.62
0.075,0.61952
0.070971,0.62
0.075,0.61952
0.070971,0.62
0.08,0.6187
0.08,0.6187
0.085,0.61763
0.085,0.61763
0.09,0.61615
0.09,0.61615
0.095,0.61008
0.095,0.61008
0.03,0.62012
0.03,0.62012
0.035,0.62053
0.035,0.62053
0.04,0.62079
0.04,0.62079
0.045,0.62092
0.045,0.62092
0.05,0.62096
0.05,0.62096
0.055,0.62092
0.055,0.62092
0.06,0.62079
0.06,0.62079
0.065,0.62053
0.065,0.62053
0.07,0.62012
0.07,0.62012
0.00073608,0.57
0,0.56432
0.00073608,0.57
0,0.56432
0.1,0.56414
0.099236,0.57
0.1,0.56414
0.099236,0.57
0.003034,0.58
0.003034,0.58
0.096948,0.58
0.096948,0.58
0.005,0.58368
0.005,0.58368
0.0095671,0.59
0.0095671,0.59
0.095,0.58366
0.090431,0.59
0.095,0.58366
0.090431,0.59
0.01,0.59043
0.01,0.59043
0.015,0.59209
0.015,0.59209
0.02,0.59311
0.02,0.59311
0.025,0.59382
0.025,0.59382
0.03,0.59431
0.03,0.59431
0.035,0.59467
0.035,0.59467
0.04,0.59491
0.04,0.59491
0.045,0.59504
0.045,0.59504
0.05,0.59507
0.05,0.59507
0.055,0.59503
0.055,0.59503
0.06,0.59491
0.06,0.59491
0.065,0.59467
0.065,0.59467
0.07,0.59431
0.07,0.59431
0.075,0.59381
0.075,0.59381
0.08,0.59311
0.08,0.59311
0.085,0.59209
0.085,0.59209
0.09,0.59043
0.09,0.59043
0.00171,0.57
0,0.56023
0.00171,0.57
0,0.56023
0.1,0.5601
0.098267,0.57
0.1,0.5601
0.098267,0.57
0.005,0.57867
0.005,0.57867
0.005522,0.58
0.005522,0.58
0.095,0.57864
0.094468,0.58
0.095,0.57864
0.094468,0.58
0.01,0.58521
0.01,0.58521
0.015,0.58664
0.015,0.58664
0.02,0.58772
0.02,0.58772
0.025,0.58851
0.025,0.58851
0.03,0.58907
0.03,0.58907
0.035,0.58948
0.035,0.58948
0.04,0.58976
0.04,0.58976
0.045,0.5899
0.045,0.5899
0.05,0.58995
0.05,0.58995
0.055,0.5899
0.055,0.5899
0.06,0.58976
0.06,0.58976
0.065,0.58948
0.065,0.58948
0.07,0.58907
0.07,0.58907
0.075,0.58851
0.075,0.58851
0.08,0.58772
0.08,0.58772
0.085,0.58665
0.085,0.58665
0.09,0.5852
0.09,0.5852
6.0787e-05,0.7
0,0.69927
6.0787e-05,0.7
0,0.69927
0.1,0.69876
0.099896,0.7
0.1,0.69876
0.099896,0.7
0.0017991,0.71
0.0017991,0.71
0.09817,0.71
0.09817,0.71
0.005,0.71792
0.005,0.71792
0.0058921,0.72
0.0058921,0.72
0.095,0.71789
0.094098,0.72
0.095,0.71789
0.094098,0.72
0.01,0.72464
0.01,0.72464
0.015,0.72604
0.015,0.72604
0.02,0.72706
0.02,0.72706
0.025,0.72781
0.025,0.72781
0.03,0.72833
0.03,0.72833
0.035,0.7287
0.035,0.7287
0.04,0.72895
0.04,0.72895
0.045,0.72908
0.045,0.72908
0.05,0.72912
0.05,0.72912
0.055,0.72908
0.055,0.72908
0.06,0.72895
0.06,0.72895
0.065,0.7287
0.065,0.7287
0.07,0.72833
0.07,0.72833
0.075,0.72781
0.075,0.72781
0.08,0.72706
0.08,0.72706
0.085,0.72604
0.085,0.72604
0.09,0.72464
0.09,0.72464
0.1,0.56982
0.099982,0.57
0.1,0.56982
0.099982,0.57
0.0016275,0.58
0,0.57005
0.0016275,0.58
0,0.57005
0.098348,0.58
0.098348,0.58
0.005,0.58915
0.005,0.58915
0.0053178,0.59
0.0053178,0.59
0.095,0.58912
0.094672,0.59
0.095,0.58912
0.094672,0.59
0.01,0.59553
0.01,0.59553
0.015,0.59698
0.015,0.59698
0.02,0.59805
0.02,0.59805
0.025,0.59884
0.025,0.59884
0.03,0.59941
0.03,0.59941
0.035,0.59982
0.035,0.59982
0.038162,0.6
0.038162,0.6
0.065,0.59982
0.061827,0.6
0.065,0.59982
0.061827,0.6
0.07,0.5994
0.07,0.5994
0.075,0.59884
0.075,0.59884
0.08,0.59805
0.08,0.59805
0.085,0.59698
0.085,0.59698
0.09,0.59553
0.09,0.59553
0.04,0.6001
0.04,0.6001
0.045,0.60025
0.045,0.60025
0.05,0.60029
0.05,0.60029
0.055,0.60025
0.055,0.60025
0.06,0.6001
0.06,0.6001
0.0010294,0.51
0,0.50924
0.0010294,0.51
0,0.50924
0.1,0.50923
0.098963,0.51
0.1,0.50923
0.098963,0.51
0.005,0.5128
0.005,0.5128
0.01,0.51692
0.01,0.51692
0.015,0.51912
0.015,0.51912
0.017791,0.52
0.017791,0.52
0.085,0.51911
0.082203,0.52
0.085,0.51911
0.082203,0.52
0.09,0.51692
0.09,0.51692
0.095,0.5128
0.095,0.5128
0.02,0.5207
0.02,0.5207
0.025,0.52179
0.025,0.52179
0.03,0.52254
0.03,0.52254
0.035,0.52306
0.035,0.52306
0.04,0.5234
0.04,0.5234
0.045,0.52359
0.045,0.52359
0.05,0.52365
0.05,0.52365
0.055,0.52359
0.055,0.52359
0.06,0.5234
0.06,0.5234
0.065,0.52306
0.065,0.52306
0.07,0.52253
0.07,0.52253
0.075,0.52178
0.075,0.52178
0.08,0.5207
0.08,0.5207
0.00032365,0.64
0,0.6366
0.00032365,0.64
0,0.6366
0.1,0.63622
0.099636,0.64
0.1,0.63622
0.099636,0.64
0.0022865,0.65
0.0022865,0.65
0.097687,0.65
0.097687,0.65
0.005,0.6558
0.005,0.6558
0.0073094,0.66
0.0073094,0.66
0.095,0.65577
0.092686,0.66
0.095,0.65577
0.092686,0.66
0.01,0.66283
0.01,0.66283
0.015,0.66423
0.015,0.66423
0.02,0.66522
0.02,0.66522
0.025,0.66595
0.025,0.66595
0.03,0.66645
0.03,0.66645
0.035,0.6668
0.035,0.6668
0.04,0.66703
0.04,0.66703
0.045,0.66715
0.045,0.66715
0.05,0.66718
0.05,0.66718
0.055,0.66715
0.055,0.66715
0.06,0.66703
0.06,0.66703
0.065,0.6668
0.065,0.6668
0.07,0.66645
0.07,0.66645
0.075,0.66595
0.075,0.66595
0.08,0.66522
0.08,0.66522
0.085,0.66424
0.085,0.66424
0.09,0.66283
0.09,0.66283
0.001344,0.53
0,0.52706
0.001344,0.53
0,0.52706
0.1,0.52703
0.09864,0.53
0.1,0.52703
0.09864,0.53
0.005,0.53702
0.005,0.53702
0.0065392,0.54
0.0065392,0.54
0.095,0.537
0.093453,0.54
0.095,0.537
0.093453,0.54
0.01,0.54389
0.01,0.54389
0.015,0.54534
0.015,0.54534
0.02,0.54643
0.02,0.54643
0.025,0.54727
0.025,0.54727
0.03,0.54786
0.03,0.54786
0.035,0.54828
0.035,0.54828
0.04,0.54855
0.04,0.54855
0.045,0.54869
0.045,0.54869
0.05,0.54873
0.05,0.54873
0.055,0.54869
0.055,0.54869
0.06,0.54855
0.06,0.54855
0.065,0.54828
0.065,0.54828
0.07,0.54786
0.07,0.54786
0.075,0.54727
0.075,0.54727
0.08,0.54643
0.08,0.54643
0.085,0.54534
0.085,0.54534
0.09,0.54389
0.09,0.54389
0.00084297,0.7
0,0.69323
0.00084297,0.7
0,0.69323
0.1,0.69293
0.099117,0.7
0.1,0.69293
0.099117,0.7
0.0033564,0.71
0.0033564,0.71
0.096621,0.71
0.096621,0.71
0.005,0.71291
0.005,0.71291
0.01,0.71933
0.01,0.71933
0.01186,0.72
0.01186,0.72
0.09,0.71933
0.088144,0.72
0.09,0.71933
0.088144,0.72
0.095,0.71288
0.095,0.71288
0.015,0.72109
0.015,0.72109
0.02,0.72215
0.02,0.72215
0.025,0.72287
0.025,0.72287
0.03,0.72335
0.03,0.72335
0.035,0.72369
0.035,0.72369
0.04,0.7239
0.04,0.7239
0.045,0.72401
0.045,0.72401
0.05,0.72405
0.05,0.72405
0.055,0.72401
0.055,0.72401
0.06,0.7239
0.06,0.7239
0.065,0.72369
0.065,0.72369
0.07,0.72335
0.07,0.72335
0.075,0.72287
0.075,0.72287
0.08,0.72215
0.08,0.72215
0.085,0.72109
0.085,0.72109
0.00072988,0.72
0,0.71383
0.00072988,0.72
0,0.71383
0.1,0.71351
0.099228,0.72
0.1,0.71351
0.099228,0.72
0.0031121,0.73
0.0031121,0.73
0.096864,0.73
0.096864,0.73
0.005,0.73345
0.005,0.73345
0.009932,0.74
0.009932,0.74
0.095,0.73342
0.090069,0.74
0.095,0.73342
0.090069,0.74
0.01,0.74007
0.01,0.74007
0.015,0.74175
0.015,0.74175
0.02,0.74277
0.02,0.74277
0.025,0.74347
0.025,0.74347
0.03,0.74394
0.03,0.74394
0.035,0.74429
0.035,0.74429
0.04,0.74452
0.04,0.74452
0.045,0.74464
0.045,0.74464
0.05,0.74467
0.05,0.74467
0.055,0.74464
0.055,0.74464
0.06,0.74452
0.06,0.74452
0.065,0.74429
0.065,0.74429
0.07,0.74394
0.07,0.74394
0.075,0.74347
0.075,0.74347
0.08,0.74277
0.08,0.74277
0.085,0.74176
0.085,0.74176
0.09,0.74007
0.09,0.74007
0.00075723,0.56
0,0.5551
0.00075723,0.56
0,0.5551
0.1,0.55497
0.099217,0.56
0.1,0.55497
0.099217,0.56
0.0031678,0.57
0.0031678,0.57
0.096815,0.57
0.096815,0.57
0.005,0.57338
0.005,0.57338
0.0099783,0.58
0.0099783,0.58
0.095,0.57336
0.090021,0.58
0.095,0.57336
0.090021,0.58
0.01,0.58002
0.01,0.58002
0.015,0.58174
0.015,0.58174
0.02,0.5828
0.02,0.5828
0.025,0.58352
0.025,0.58352
0.03,0.58402
0.03,0.58402
0.035,0.58438
0.035,0.58438
0.04,0.58462
0.04,0.58462
0.045,0.58475
0.045,0.58475
0.05,0.58478
0.05,0.58478
0.055,0.58475
0.055,0.58475
0.06,0.58462
0.06,0.58462
0.065,0.58438
0.065,0.58438
0.07,0.58402
0.07,0.58402
0.075,0.58352
0.075,0.58352
0.08,0.5828
0.08,0.5828
0.085,0.58174
0.085,0.58174
0.09,0.58002
0.09,0.58002
0.005,0.5
0.005,0.5
0,0.5
0,0.5
0.01,0.5
0.01,0.5
0.015,0.5
0.015,0.5
0.02,0.5
0.02,0.5
0.025,0.5
0.025,0.5
0.03,0.5
0.03,0.5
0.035,0.5
0.035,0.5
0.04,0.5
0.04,0.5
0.045,0.5
0.045,0.5
0.05,0.5
0.05,0.5
0.055,0.5
0.055,0.5
0.06,0.5
0.06,0.5
0.065,0.5
0.065,0.5
0.07,0.5
0.07,0.5
0.075,0.5
0.075,0.5
0.08,0.5
0.08,0.5
0.085,0.5
0.085,0.5
0.09,0.5
0.09,0.5
0.095,0.5
0.095,0.5
0.1,0.5
0.1,0.5
0.00046101,0.77
0,0.76559
0.00046101,0.77
0,0.76559
0.1,0.76518
0.099491,0.77
0.1,0.76518
0.099491,0.77
0.002574,0.78
0.002574,0.78
0.097396,0.78
0.097396,0.78
0.005,0.78485
0.005,0.78485
0.0082126,0.79
0.0082126,0.79
0.095,0.78482
0.091784,0.79
0.095,0.78482
0.091784,0.79
0.01,0.79182
0.01,0.79182
0.015,0.7933
0.015,0.7933
0.02,0.79426
0.02,0.79426
0.025,0.79498
0.025,0.79498
0.03,0.79548
0.03,0.79548
0.035,0.79583
0.035,0.79583
0.04,0.79606
0.04,0.79606
0.045,0.79618
0.045,0.79618
0.05,0.79621
0.05,0.79621
0.055,0.79618
0.055,0.79618
0.06,0.79606
0.06,0.79606
0.065,0.79583
0.065,0.79583
0.07,0.79548
0.07,0.79548
0.075,0.79498
0.075,0.79498
0.08,0.79426
0.08,0.79426
0.085,0.7933
0.085,0.7933
0.09,0.79182
0.09,0.79182
0.0004267,0.62
0,0.61569
0.0004267,0.62
0,0.61569
0.1,0.61536
0.099535,0.62
0.1,0.61536
0.099535,0.62
0.0024688,0.63
0.0024688,0.63
0.097505,0.63
0.097505,0.63
0.005,0.63518
0.005,0.63518
0.0078665,0.64
0.0078665,0.64
0.095,0.63515
0.092129,0.64
0.095,0.63515
0.092129,0.64
0.01,0.6422
0.01,0.6422
0.015,0.64364
0.015,0.64364
0.02,0.6446
0.02,0.6446
0.025,0.64533
0.025,0.64533
0.03,0.64584
0.03,0.64584
0.035,0.64619
0.035,0.64619
0.04,0.64641
0.04,0.64641
0.045,0.64653
0.045,0.64653
0.05,0.64656
0.05,0.64656
0.055,0.64653
0.055,0.64653
0.06,0.64641
0.06,0.64641
0.065,0.64619
0.065,0.64619
0.07,0.64584
0.07,0.64584
0.075,0.64533
0.075,0.64533
0.08,0.6446
0.08,0.6446
0.085,0.64364
0.085,0.64364
0.09,0.6422
0.09,0.6422
0.00068917,0.55
0,0.5466
0.00068917,0.55
0,0.5466
0.1,0.5465
0.099288,0.55
0.1,0.5465
0.099288,0.55
0.0033024,0.56
0.0033024,0.56
0.096682,0.56
0.096682,0.56
0.005,0.56309
0.005,0.56309
0.01,0.56963
0.01,0.56963
0.011,0.57
0.011,0.57
0.09,0.56963
0.088997,0.57
0.09,0.56963
0.088997,0.57
0.095,0.56307
0.095,0.56307
0.015,0.57138
0.015,0.57138
0.02,0.57248
0.02,0.57248
0.025,0.57323
0.025,0.57323
0.03,0.57373
0.03,0.57373
0.035,0.57408
0.035,0.57408
0.04,0.57433
0.04,0.57433
0.045,0.57445
0.045,0.57445
0.05,0.57449
0.05,0.57449
0.055,0.57445
0.055,0.57445
0.06,0.57432
0.06,0.57432
0.065,0.57408
0.065,0.57408
0.07,0.57373
0.07,0.57373
0.075,0.57323
0.075,0.57323
0.08,0.57248
0.08,0.57248
0.085,0.57138
0.085,0.57138
0.005,0.50866
0.005,0.50866
0,0.50643
0,0.50643
0.0066978,0.51
0.0066978,0.51
0.095,0.50866
0.093301,0.51
0.095,0.50866
0.093301,0.51
0.1,0.50643
0.1,0.50643
0.01,0.5124
0.01,0.5124
0.015,0.51415
0.015,0.51415
0.02,0.51534
0.02,0.51534
0.025,0.51627
0.025,0.51627
0.03,0.51695
0.03,0.51695
0.035,0.51745
0.035,0.51745
0.04,0.51778
0.04,0.51778
0.045,0.51796
0.045,0.51796
0.05,0.51802
0.05,0.51802
0.055,0.51796
0.055,0.51796
0.06,0.51778
0.06,0.51778
0.065,0.51745
0.065,0.51745
0.07,0.51695
0.07,0.51695
0.075,0.51627
0.075,0.51627
0.08,0.51534
0.08,0.51534
0.085,0.51415
0.085,0.51415
0.09,0.5124
0.09,0.5124
0.005,0.50549
0.005,0.50549
0,0.50418
0,0.50418
0.01,0.50769
0.01,0.50769
0.015,0.50918
0.015,0.50918
0.018713,0.51
0.018713,0.51
0.085,0.50918
0.081286,0.51
0.085,0.50918
0.081286,0.51
0.09,0.50769
0.09,0.50769
0.095,0.50549
0.095,0.50549
0.1,0.50418
0.1,0.50418
0.02,0.51029
0.02,0.51029
0.025,0.51108
0.025,0.51108
0.03,0.51162
0.03,0.51162
0.035,0.51199
0.035,0.51199
0.04,0.51223
0.04,0.51223
0.045,0.51236
0.045,0.51236
0.05,0.5124
0.05,0.5124
0.055,0.51236
0.055,0.51236
0.06,0.51223
0.06,0.51223
0.065,0.51199
0.065,0.51199
0.07,0.51162
0.07,0.51162
0.075,0.51108
0.075,0.51108
0.08,0.51029
0.08,0.51029
0.00067416,0.73
0,0.72416
0.00067416,0.73
0,0.72416
0.1,0.72382
0.099282,0.73
0.1,0.72382
0.099282,0.73
0.0029968,0.74
0.0029968,0.74
0.096977,0.74
0.096977,0.74
0.005,0.74372
0.005,0.74372
0.0095532,0.75
0.0095532,0.75
0.095,0.74369
0.090446,0.75
0.095,0.74369
0.090446,0.75
0.01,0.75044
0.01,0.75044
0.015,0.75207
0.015,0.75207
0.02,0.75307
0.02,0.75307
0.025,0.75376
0.025,0.75376
0.03,0.75424
0.03,0.75424
0.035,0.7546
0.035,0.7546
0.04,0.75483
0.04,0.75483
0.045,0.75495
0.045,0.75495
0.05,0.75498
0.05,0.75498
0.055,0.75495
0.055,0.75495
0.06,0.75483
0.06,0.75483
0.065,0.7546
0.065,0.7546
0.07,0.75424
0.07,0.75424
0.075,0.75376
0.075,0.75376
0.08,0.75307
0.08,0.75307
0.085,0.75208
0.085,0.75208
0.09,0.75044
0.09,0.75044
0.0015793,0.74
0,0.73033
0.0015793,0.74
0,0.73033
0.1,0.73009
0.098385,0.74
0.1,0.73009
0.098385,0.74
0.005,0.74919
0.005,0.74919
0.0053074,0.75
0.0053074,0.75
0.095,0.74914
0.094679,0.75
0.095,0.74914
0.094679,0.75
0.01,0.75552
0.01,0.75552
0.015,0.75696
0.015,0.75696
0.02,0.758
0.02,0.758
0.025,0.75878
0.025,0.75878
0.03,0.75934
0.03,0.75934
0.035,0.75974
0.035,0.75974
0.039726,0.76
0.039726,0.76
0.065,0.75974
0.060269,0.76
0.065,0.75974
0.060269,0.76
0.07,0.75934
0.07,0.75934
0.075,0.75878
0.075,0.75878
0.08,0.758
0.08,0.758
0.085,0.75696
0.085,0.75696
0.09,0.75553
0.09,0.75553
0.04,0.76001
0.04,0.76001
0.045,0.76016
0.045,0.76016
0.05,0.7602
0.05,0.7602
0.055,0.76016
0.055,0.76016
0.06,0.76001
0.06,0.76001
0.00027546,0.65
0,0.64705
0.00027546,0.65
0,0.64705
0.1,0.64664
0.099683,0.65
0.1,0.64664
0.099683,0.65
0.0021988,0.66
0.0021988,0.66
0.097774,0.66
0.097774,0.66
0.005,0.66612
0.005,0.66612
0.0070474,0.67
0.0070474,0.67
0.095,0.66609
0.092947,0.67
0.095,0.66609
0.092947,0.67
0.01,0.67314
0.01,0.67314
0.015,0.67453
0.015,0.67453
0.02,0.67552
0.02,0.67552
0.025,0.67626
0.025,0.67626
0.03,0.67676
0.03,0.67676
0.035,0.67711
0.035,0.67711
0.04,0.67734
0.04,0.67734
0.045,0.67746
0.045,0.67746
0.05,0.67749
0.05,0.67749
0.055,0.67746
0.055,0.67746
0.06,0.67734
0.06,0.67734
0.065,0.67711
0.065,0.67711
0.07,0.67676
0.07,0.67676
0.075,0.67626
0.075,0.67626
0.08,0.67552
0.08,0.67552
0.085,0.67453
0.085,0.67453
0.09,0.67314
0.09,0.67314
0.0013138,0.78
0,0.77123
0.0013138,0.78
0,0.77123
0.1,0.77096
0.098646,0.78
0.1,0.77096
0.098646,0.78
0.0045737,0.79
0.0045737,0.79
0.095406,0.79
0.095406,0.79
0.005,0.79067
0.005,0.79067
0.01,0.7967
0.01,0.7967
0.015,0.79822
0.015,0.79822
0.02,0.79934
0.02,0.79934
0.02387,0.8
0.02387,0.8
0.08,0.79934
0.076134,0.8
0.08,0.79934
0.076134,0.8
0.085,0.79822
0.085,0.79822
0.09,0.7967
0.09,0.7967
0.095,0.79064
0.095,0.79064
0.025,0.8002
0.025,0.8002
0.03,0.80077
0.03,0.80077
0.035,0.80116
0.035,0.80116
0.04,0.8014
0.04,0.8014
0.045,0.80153
0.045,0.80153
0.05,0.80156
0.05,0.80156
0.055,0.80153
0.055,0.80153
0.06,0.8014
0.06,0.8014
0.065,0.80116
0.065,0.80116
0.07,0.80077
0.07,0.80077
0.075,0.8002
0.075,0.8002
0.00061213,0.59
0,0.58437
0.00061213,0.59
0,0.58437
0.1,0.58413
0.099355,0.59
0.1,0.58413
0.099355,0.59
0.0027841,0.6
0.0027841,0.6
0.097195,0.6
0.097195,0.6
0.005,0.60429
0.005,0.60429
0.0088166,0.61
0.0088166,0.61
0.095,0.60426
0.091181,0.61
0.095,0.60426
0.091181,0.61
0.01,0.61119
0.01,0.61119
0.015,0.61274
0.015,0.61274
0.02,0.61371
0.02,0.61371
0.025,0.61441
0.025,0.61441
0.03,0.61492
0.03,0.61492
0.035,0.61527
0.035,0.61527
0.04,0.6155
0.04,0.6155
0.045,0.61562
0.045,0.61562
0.05,0.61566
0.05,0.61566
0.055,0.61562
0.055,0.61562
0.06,0.6155
0.06,0.6155
0.065,0.61527
0.065,0.61527
0.07,0.61491
0.07,0.61491
0.075,0.61441
0.075,0.61441
0.08,0.61371
0.08,0.61371
0.085,0.61274
0.085,0.61274
0.09,0.61119
0.09,0.61119
0.003408,0.52
0,0.51591
0.003408,0.52
0,0.51591
0.1,0.5159
0.09658,0.52
0.1,0.5159
0.09658,0.52
0.005,0.52193
0.005,0.52193
0.01,0.52752
0.01,0.52752
0.015,0.52967
0.015,0.52967
0.016094,0.53
0.016094,0.53
0.085,0.52966
0.083892,0.53
0.085,0.52966
0.083892,0.53
0.09,0.52752
0.09,0.52752
0.095,0.52192
0.095,0.52192
0.02,0.53114
0.02,0.53114
0.025,0.53214
0.025,0.53214
0.03,0.53283
0.03,0.53283
0.035,0.53331
0.035,0.53331
0.04,0.53363
0.04,0.53363
0.045,0.53379
0.045,0.53379
0.05,0.53384
0.05,0.53384
0.055,0.53379
0.055,0.53379
0.06,0.53362
0.06,0.53362
0.065,0.53331
0.065,0.53331
0.07,0.53283
0.07,0.53283
0.075,0.53213
0.075,0.53213
0.08,0.53113
0.08,0.53113
9.9616e-05,0.69
0,0.68883
9.9616e-05,0.69
0,0.68883
0.1,0.68834
0.099857,0.69
0.1,0.68834
0.099857,0.69
0.0018731,0.7
0.0018731,0.7
0.098095,0.7
0.098095,0.7
0.005,0.70753
0.005,0.70753
0.0061039,0.71
0.0061039,0.71
0.095,0.7075
0.093886,0.71
0.095,0.7075
0.093886,0.71
0.01,0.71434
0.01,0.71434
0.015,0.71573
0.015,0.71573
0.02,0.71675
0.02,0.71675
0.025,0.71749
0.025,0.71749
0.03,0.71801
0.03,0.71801
0.035,0.71838
0.035,0.71838
0.04,0.71862
0.04,0.71862
0.045,0.71874
0.045,0.71874
0.05,0.71878
0.05,0.71878
0.055,0.71874
0.055,0.71874
0.06,0.71862
0.06,0.71862
0.065,0.71837
0.065,0.71837
0.07,0.71801
0.07,0.71801
0.075,0.71749
0.075,0.71749
0.08,0.71675
0.08,0.71675
0.085,0.71573
0.085,0.71573
0.09,0.71434
0.09,0.71434
0.00054811,0.6
0,0.59475
0.00054811,0.6
0,0.59475
0.1,0.59448
0.099418,0.6
0.1,0.59448
0.099418,0.6
0.0026741,0.61
0.0026741,0.61
0.097304,0.61
0.097304,0.61
0.005,0.61458
0.005,0.61458
0.0084795,0.62
0.0084795,0.62
0.095,0.61456
0.091518,0.62
0.095,0.61456
0.091518,0.62
0.01,0.62154
0.01,0.62154
0.015,0.62305
0.015,0.62305
0.02,0.62401
0.02,0.62401
0.025,0.62471
0.025,0.62471
0.03,0.62522
0.03,0.62522
0.035,0.62558
0.035,0.62558
0.04,0.62581
0.04,0.62581
0.045,0.62592
0.045,0.62592
0.05,0.62596
0.05,0.62596
0.055,0.62592
0.055,0.62592
0.06,0.6258
0.06,0.6258
0.065,0.62558
0.065,0.62558
0.07,0.62522
0.07,0.62522
0.075,0.62471
0.075,0.62471
0.08,0.62401
0.08,0.62401
0.085,0.62305
0.085,0.62305
0.09,0.62154
0.09,0.62154
0.00056483,0.75
0,0.74485
0.00056483,0.75
0,0.74485
0.1,0.74448
0.099389,0.75
0.1,0.74448
0.099389,0.75
0.0027776,0.76
0.0027776,0.76
0.097195,0.76
0.097195,0.76
0.005,0.76427
0.005,0.76427
0.0088524,0.77
0.0088524,0.77
0.095,0.76425
0.091146,0.77
0.095,0.76425
0.091146,0.77
0.01,0.77115
0.01,0.77115
0.015,0.77269
0.015,0.77269
0.02,0.77366
0.02,0.77366
0.025,0.77436
0.025,0.77436
0.03,0.77487
0.03,0.77487
0.035,0.77522
0.035,0.77522
0.04,0.77545
0.04,0.77545
0.045,0.77557
0.045,0.77557
0.05,0.7756
0.05,0.7756
0.055,0.77557
0.055,0.77557
0.06,0.77545
0.06,0.77545
0.065,0.77522
0.065,0.77522
0.07,0.77487
0.07,0.77487
0.075,0.77436
0.075,0.77436
0.08,0.77367
0.08,0.77367
0.085,0.7727
0.085,0.7727
0.09,0.77115
0.09,0.77115
0.0010177,0.67
0,0.6624
0.0010177,0.67
0,0.6624
0.1,0.66213
0.098944,0.67
0.1,0.66213
0.098944,0.67
0.0037588,0.68
0.0037588,0.68
0.096221,0.68
0.096221,0.68
0.005,0.6821
0.005,0.6821
0.01,0.6883
0.01,0.6883
0.014939,0.69
0.014939,0.69
0.09,0.6883
0.085069,0.69
0.09,0.6883
0.085069,0.69
0.095,0.68207
0.095,0.68207
0.015,0.69002
0.015,0.69002
0.02,0.69118
0.02,0.69118
0.025,0.69194
0.025,0.69194
0.03,0.69244
0.03,0.69244
0.035,0.69279
0.035,0.69279
0.04,0.69301
0.04,0.69301
0.045,0.69313
0.045,0.69313
0.05,0.69316
0.05,0.69316
0.055,0.69313
0.055,0.69313
0.06,0.69301
0.06,0.69301
0.065,0.69279
0.065,0.69279
0.07,0.69244
0.07,0.69244
0.075,0.69194
0.075,0.69194
0.08,0.69118
0.08,0.69118
0.085,0.69003
0.085,0.69003
0.1,0.71971
0.099977,0.72
0.1,0.71971
0.099977,0.72
0.0016507,0.73
0,0.72011
0.0016507,0.73
0,0.72011
0.098315,0.73
0.098315,0.73
0.005,0.73874
0.005,0.73874
0.0054955,0.74
0.0054955,0.74
0.095,0.7387
0.094492,0.74
0.095,0.7387
0.094492,0.74
0.01,0.74523
0.01,0.74523
0.015,0.74665
0.015,0.74665
0.02,0.74768
0.02,0.74768
0.025,0.74845
0.025,0.74845
0.03,0.74899
0.03,0.74899
0.035,0.74939
0.035,0.74939
0.04,0.74965
0.04,0.74965
0.045,0.74979
0.045,0.74979
0.05,0.74983
0.05,0.74983
0.055,0.74979
0.055,0.74979
0.06,0.74965
0.06,0.74965
0.065,0.74939
0.065,0.74939
0.07,0.74899
0.07,0.74899
0.075,0.74845
0.075,0.74845
0.08,0.74768
0.08,0.74768
0.085,0.74665
0.085,0.74665
0.09,0.74523
0.09,0.74523
0.00018605,0.67
0,0.66792
0.00018605,0.67
0,0.66792
0.1,0.66747
0.099771,0.67
0.1,0.66747
0.099771,0.67
0.0020328,0.68
0.0020328,0.68
0.097938,0.68
0.097938,0.68
0.005,0.6868
0.005,0.6868
0.0065553,0.69
0.0065553,0.69
0.095,0.68677
0.093438,0.69
0.095,0.68677
0.093438,0.69
0.01,0.69374
0.01,0.69374
0.015,0.69513
0.015,0.69513
0.02,0.69614
0.02,0.69614
0.025,0.69687
0.025,0.69687
0.03,0.69738
0.03,0.69738
0.035,0.69773
0.035,0.69773
0.04,0.69797
0.04,0.69797
0.045,0.69809
0.045,0.69809
0.05,0.69813
0.05,0.69813
0.055,0.69809
0.055,0.69809
0.06,0.69797
0.06,0.69797
0.065,0.69773
0.065,0.69773
0.07,0.69738
0.07,0.69738
0.075,0.69687
0.075,0.69687
0.08,0.69614
0.08,0.69614
0.085,0.69513
0.085,0.69513
0.09,0.69374
0.09,0.69374
0.0012506,0.79
0,0.78148
0.0012506,0.79
0,0.78148
0.1,0.7812
0.098708,0.79
0.1,0.7812
0.098708,0.79
0.0043993,0.8
0.0043993,0.8
0.09558,0.8
0.09558,0.8
0.005,0.80095
0.005,0.80095
0.01,0.807
0.01,0.807
0.015,0.80855
0.015,0.80855
0.02,0.8097
0.02,0.8097
0.021752,0.81
0.021752,0.81
0.08,0.8097
0.078252,0.81
0.08,0.8097
0.078252,0.81
0.085,0.80855
0.085,0.80855
0.09,0.807
0.09,0.807
0.095,0.80093
0.095,0.80093
0.025,0.81056
0.025,0.81056
0.03,0.81111
0.03,0.81111
0.035,0.81149
0.035,0.81149
0.04,0.81173
0.04,0.81173
0.045,0.81185
0.045,0.81185
0.05,0.81188
0.05,0.81188
0.055,0.81185
0.055,0.81185
0.06,0.81173
0.06,0.81173
0.065,0.81149
0.065,0.81149
0.07,0.81111
0.07,0.81111
0.075,0.81056
0.075,0.81056
0.0014429,0.76
0,0.75077
0.0014429,0.76
0,0.75077
0.1,0.75052
0.098519,0.76
0.1,0.75052
0.098519,0.76
0.0049509,0.77
0.0049509,0.77
0.095031,0.77
0.095031,0.77
0.005,0.77007
0.005,0.77007
0.01,0.77611
0.01,0.77611
0.015,0.77758
0.015,0.77758
0.02,0.77865
0.02,0.77865
0.025,0.77947
0.025,0.77947
0.029503,0.78
0.029503,0.78
0.075,0.77947
0.070499,0.78
0.075,0.77947
0.070499,0.78
0.08,0.77865
0.08,0.77865
0.085,0.77758
0.085,0.77758
0.09,0.77611
0.09,0.77611
0.095,0.77005
0.095,0.77005
0.03,0.78006
0.03,0.78006
0.035,0.78047
0.035,0.78047
0.04,0.78073
0.04,0.78073
0.045,0.78086
0.045,0.78086
0.05,0.7809
0.05,0.7809
0.055,0.78086
0.055,0.78086
0.06,0.78073
0.06,0.78073
0.065,0.78047
0.065,0.78047
0.07,0.78006
0.07,0.78006
0.0015089,0.75
0,0.74055
0.0015089,0.75
0,0.74055
0.1,0.7403
0.098453,0.75
0.1,0.7403
0.098453,0.75
0.005,0.75964
0.005,0.75964
0.0051285,0.76
0.0051285,0.76
0.095,0.7596
0.094857,0.76
0.095,0.7596
0.094857,0.76
0.01,0.76582
0.01,0.76582
0.015,0.76727
0.015,0.76727
0.02,0.76832
0.02,0.76832
0.025,0.76912
0.025,0.76912
0.03,0.76969
0.03,0.76969
0.033672,0.77
0.033672,0.77
0.07,0.76969
0.066326,0.77
0.07,0.76969
0.066326,0.77
0.075,0.76912
0.075,0.76912
0.08,0.76832
0.08,0.76832
0.085,0.76727
0.085,0.76727
0.09,0.76582
0.09,0.76582
0.035,0.77011
0.035,0.77011
0.04,0.77038
0.04,0.77038
0.045,0.77052
0.045,0.77052
0.05,0.77055
0.05,0.77055
0.055,0.77052
0.055,0.77052
0.06,0.77038
0.06,0.77038
0.065,0.77011
0.065,0.77011
0.0011344,0.65
0,0.64186
0.0011344,0.65
0,0.64186
0.1,0.64162
0.09883,0.65
0.1,0.64162
0.09883,0.65
0.0040541,0.66
0.0040541,0.66
0.095928,0.66
0.095928,0.66
0.005,0.66155
0.005,0.66155
0.01,0.66766
0.01,0.66766
0.015,0.66929
0.015,0.66929
0.017967,0.67
0.017967,0.67
0.085,0.6693
0.08204,0.67
0.085,0.6693
0.08204,0.67
0.09,0.66766
0.09,0.66766
0.095,0.66153
0.095,0.66153
0.02,0.67049
0.02,0.67049
0.025,0.6713
0.025,0.6713
0.03,0.67182
0.03,0.67182
0.035,0.67218
0.035,0.67218
0.04,0.6724
0.04,0.6724
0.045,0.67252
0.045,0.67252
0.05,0.67256
0.05,0.67256
0.055,0.67252
0.055,0.67252
0.06,0.6724
0.06,0.6724
0.065,0.67218
0.065,0.67218
0.07,0.67182
0.07,0.67182
0.075,0.6713
0.075,0.6713
0.08,0.67049
0.08,0.67049
0.0017794,0.56
0,0.55095
0.0017794,0.56
0,0.55095
0.1,0.55085
0.0982,0.56
0.1,0.55085
0.0982,0.56
0.005,0.56822
0.005,0.56822
0.0057339,0.57
0.0057339,0.57
0.095,0.56819
0.094257,0.57
0.095,0.56819
0.094257,0.57
0.01,0.57489
0.01,0.57489
0.015,0.57631
0.015,0.57631
0.02,0.57739
0.02,0.57739
0.025,0.57819
0.025,0.57819
0.03,0.57875
0.03,0.57875
0.035,0.57915
0.035,0.57915
0.04,0.57942
0.04,0.57942
0.045,0.57957
0.045,0.57957
0.05,0.57961
0.05,0.57961
0.055,0.57957
0.055,0.57957
0.06,0.57942
0.06,0.57942
0.065,0.57915
0.065,0.57915
0.07,0.57875
0.07,0.57875
0.075,0.57819
0.075,0.57819
0.08,0.57739
0.08,0.57739
0.085,0.57631
0.085,0.57631
0.09,0.57489
0.09,0.57489
0.00029925,0.52
0,0.51956
0.00029925,0.52
0,0.51956
0.1,0.51953
0.099685,0.52
0.1,0.51953
0.099685,0.52
0.005,0.52666
0.005,0.52666
0.0070695,0.53
0.0070695,0.53
0.095,0.52665
0.092923,0.53
0.095,0.52665
0.092923,0.53
0.01,0.53327
0.01,0.53327
0.015,0.53493
0.015,0.53493
0.02,0.53611
0.02,0.53611
0.025,0.53702
0.025,0.53702
0.03,0.53769
0.03,0.53769
0.035,0.53817
0.035,0.53817
0.04,0.53848
0.04,0.53848
0.045,0.53864
0.045,0.53864
0.05,0.53869
0.05,0.53869
0.055,0.53864
0.055,0.53864
0.06,0.53848
0.06,0.53848
0.065,0.53817
0.065,0.53817
0.07,0.53769
0.07,0.53769
0.075,0.53702
0.075,0.53702
0.08,0.5361
0.08,0.5361
0.085,0.53493
0.085,0.53493
0.09,0.53326
0.09,0.53326
0.00095898,0.68
0,0.67266
0.00095898,0.68
0,0.67266
0.1,0.67238
0.099003,0.68
0.1,0.67238
0.099003,0.68
0.0036191,0.69
0.0036191,0.69
0.096361,0.69
0.096361,0.69
0.005,0.69237
0.005,0.69237
0.01,0.69863
0.01,0.69863
0.01391,0.7
0.01391,0.7
0.09,0.69863
0.086097,0.7
0.09,0.69863
0.086097,0.7
0.095,0.69234
0.095,0.69234
0.015,0.70039
0.015,0.70039
0.02,0.70151
0.02,0.70151
0.025,0.70226
0.025,0.70226
0.03,0.70275
0.03,0.70275
0.035,0.70309
0.035,0.70309
0.04,0.70331
0.04,0.70331
0.045,0.70342
0.045,0.70342
0.05,0.70346
0.05,0.70346
0.055,0.70342
0.055,0.70342
0.06,0.70331
0.06,0.70331
0.065,0.70309
0.065,0.70309
0.07,0.70275
0.07,0.70275
0.075,0.70226
0.075,0.70226
0.08,0.70151
0.08,0.70151
0.085,0.70039
0.085,0.70039
0.0013901,0.61
0,0.60073
0.0013901,0.61
0,0.60073
0.1,0.60053
0.09858,0.61
0.1,0.60053
0.09858,0.61
0.0047352,0.62
0.0047352,0.62
0.095249,0.62
0.095249,0.62
0.005,0.62041
0.005,0.62041
0.01,0.62645
0.01,0.62645
0.015,0.62795
0.015,0.62795
0.02,0.62904
0.02,0.62904
0.025,0.62988
0.025,0.62988
0.025969,0.63
0.025969,0.63
0.075,0.62988
0.074029,0.63
0.075,0.62988
0.074029,0.63
0.08,0.62904
0.08,0.62904
0.085,0.62795
0.085,0.62795
0.09,0.62645
0.09,0.62645
0.095,0.62039
0.095,0.62039
0.03,0.63048
0.03,0.63048
0.035,0.63087
0.035,0.63087
0.04,0.63112
0.04,0.63112
0.045,0.63125
0.045,0.63125
0.05,0.63129
0.05,0.63129
0.055,0.63125
0.055,0.63125
0.06,0.63112
0.06,0.63112
0.065,0.63087
0.065,0.63087
0.07,0.63048
0.07,0.63048
0.0035283,0.54
0,0.53082
0.0035283,0.54
0,0.53082
0.1,0.53078
0.096458,0.54
0.1,0.53078
0.096458,0.54
0.005,0.54251
0.005,0.54251
0.01,0.54888
0.01,0.54888
0.013122,0.55
0.013122,0.55
0.09,0.54888
0.08687,0.55
0.09,0.54888
0.08687,0.55
0.095,0.5425
0.095,0.5425
0.015,0.55067
0.015,0.55067
0.02,0.55183
0.02,0.55183
0.025,0.55264
0.025,0.55264
0.03,0.55318
0.03,0.55318
0.035,0.55355
0.035,0.55355
0.04,0.55378
0.04,0.55378
0.045,0.5539
0.045,0.5539
0.05,0.55393
0.05,0.55393
0.055,0.5539
0.055,0.5539
0.06,0.55378
0.06,0.55378
0.065,0.55355
0.065,0.55355
0.07,0.55318
0.07,0.55318
0.075,0.55264
0.075,0.55264
0.08,0.55183
0.08,0.55183
0.085,0.55067
0.085,0.55067
